company,state,postcode,poison,non_poison,traditional,health_supplement,poison_vet,non_poison_vet
3A Pharma Sdn. Bhd.,Sarawak,93150,1,0,0,0,0,0
A. MENARINI SINGAPORE PTE. LTD.,Selangor,47301,1,1,1,1,0,0
AA PHARMACY HEALTHCARE SDN BHD,Selangor,40150,1,1,1,1,0,0
ABEILLE D`OR CORPORATION SDN. BHD.,W.P. Kuala Lumpur,50200,0,0,1,1,0,0
Abio Marketing Sdn Bhd,Selangor,47500,1,1,1,1,0,0
Absolute Pharma Sdn Bhd,W.P. Kuala Lumpur,53300,0,0,0,1,0,0
ACCORD HEALTHCARE SDN.BHD.,W.P. Kuala Lumpur,56000,1,0,0,0,0,0
ACG HEALTHCARE SDN. BHD.,Johor,80050,1,1,1,1,0,0
ACTIV PHARMA SDN.BHD.,Selangor,40000,1,1,1,1,1,1
ADORA PHARMA SDN BHD,Johor,81100,1,1,1,1,0,0
ADORE LIFESCIENCES SDN. BHD.,Selangor,47810,0,0,1,1,0,0
ADVANCE M S SDN. BHD.,Sarawak,93250,1,0,0,0,0,0
Advance Pharma Sdn Bhd,Selangor,47120,1,1,0,1,0,0
AETOS PHARMA SDN BHD,W.P. Kuala Lumpur,56000,1,1,1,1,0,0
AFDZAL CONSULTANCY SDN BHD,Pulau Pinang,13200,1,1,1,1,0,0
AFG PHARMA SDN. BHD.,Pahang,26700,1,1,1,1,1,1
AFNI RESOURCES,Selangor,68100,1,1,1,1,0,0
Age D`or Sdn. Bhd.,Selangor,40460,1,1,0,1,1,1
AGRO LIFE FARMING,Perak,31400,1,1,0,1,1,1
Agro-farmchem Sdn Bhd,Selangor,47500,1,0,0,0,1,0
AHM GT RESOURCES,Selangor,43900,1,1,1,1,1,1
AIN MEDICARE SDN. BHD.,Kedah,09000,1,1,0,1,1,1
AINTAI AGENCIES SDN BHD,Kedah,09600,0,1,0,1,0,0
AINTAI CORPORATION SDN BHD,Kedah,09600,0,1,0,1,0,0
AINTAI JITRA SDN BHD,Kedah,06000,0,1,0,1,0,0
AIPHARMA HEALTHCARE SDN BHD,Johor,81000,1,1,1,1,0,0
AIRSEAL FREIGHT FORWARDERS SDN BHD,Sarawak,93450,0,1,0,1,0,0
AJ RESEARCH & PHARMA SDN. BHD.,W.P. Kuala Lumpur,50088,1,0,0,0,0,0
AK PHARMA (M) SDN BHD,W.P. Kuala Lumpur,56100,1,1,1,1,0,0
AL AMEEN HEALTHCARE SDN BHD,Pahang,26600,1,1,1,1,0,0
AL EJIB HERBS SDN BHD,Johor,81100,0,0,1,0,0,0
AL QANAAH PHARMACY SDN. BHD.,Johor,81700,1,1,1,1,0,0
Alam Medik sdn Bhd,W.P. Kuala Lumpur,50490,1,0,0,0,0,0
ALATAN TEKNOLOGI SDN. BHD.,W.P. Kuala Lumpur,60000,1,0,0,0,0,0
ALCON LABORATORIES (MALAYSIA) SDN. BHD.,Selangor,46200,1,1,0,1,0,0
All Day Pharmacy Sdn Bhd,Selangor,43950,1,1,0,1,0,0
ALLIANCE HEALTHCARE SOLUTIONS SDN. BHD.,Selangor,47630,1,1,0,1,0,0
ALLIANCE PHARMACY (PR) SDN. BHD.,Perak,34900,1,1,1,1,0,0
ALLIED PHARMACY SDN.BHD.,W.P. Kuala Lumpur,55100,1,1,1,1,0,0
Allinon Advance Technology Sdn. Bhd.,Pulau Pinang,11700,0,0,0,1,0,0
Alpha Vet Sdn Bhd,Selangor,47600,1,0,0,0,1,0
ALPHAY INTERNATIONAL MALAYSIA SDN. BHD.,Selangor,47301,0,0,1,0,0,0
ALPRO ALLIANCE (PAHANG) SDN BHD,Pahang,25300,1,1,1,1,1,0
ALPRO ALLIANCE (PENANG) SDN BHD,Pulau Pinang,11500,1,1,1,1,1,1
ALPRO ALLIANCE (SABAH) SDN. BHD.,Sabah,88000,1,1,1,1,0,0
ALPRO PHARMACY SDN.BHD,Sabah,88300,1,1,1,1,0,0
ALSYIFAA HOLDING SDN.BHD.,Pahang,26800,1,1,1,1,1,1
AM PM Pharmacy Sdn Bhd,Pulau Pinang,10150,1,1,1,1,0,0
AMAN SINARAN SDN. BHD.,Selangor,68100,1,1,1,1,1,1
AMANI LIFE SDN. BHD.,Selangor,40460,0,0,1,1,0,0
AMC PHARMA SDN BHD,Kelantan,16450,1,1,1,1,1,1
AMN Health,Johor,85000,1,1,1,1,1,1
AMWAY (MALAYSIA) SDN. BHD.,Johor,79150,0,1,1,1,0,0
ANFORT CORPORATION SDN. BHD.,Selangor,47500,1,0,0,0,1,0
ANHONG TRADING SDN. BHD.,W.P. Kuala Lumpur,56000,0,0,1,0,0,0
ANIM PHARMACY AND SUPPLIES SDN. BHD.,Sabah,91100,1,1,1,1,0,0
ANIS PHARMACY SDN. BHD.,Selangor,40300,1,1,1,1,0,0
ANN YEE CORPORATION SDN BHD,W.P. Kuala Lumpur,55100,0,0,1,0,0,0
ANTAH BUMIMEDIC SDN BHD,Selangor,46300,1,1,1,1,0,0
ANTAH PHARMA SDN. BHD.,Selangor,46300,1,1,1,1,0,0
ANTARES PHARMA SDN. BHD.,Sarawak,93250,0,1,1,1,0,0
AP BIORESOURCES SDN. BHD.,W.P. Kuala Lumpur,50480,1,1,0,1,0,0
APD PHARMA (BORNEO) SDN. BHD.,Sabah,88300,1,1,1,1,0,0
APD Pharma Sdn. Bhd.,Negeri Sembilan,71050,1,1,1,1,1,1
Apex Biocare Sdn Bhd,Johor,81100,0,0,1,1,0,0
APEX PHARMACY MARKETING SDN. BHD.,Pulau Pinang,11960,1,1,1,1,0,0
APM PHARMACY SDN. BHD.,Johor,81620,1,1,1,1,0,0
APSN BIOTECH SDN. BHD.,Selangor,46100,1,1,0,1,1,1
AQURATE INGREDIENTS INTL (M) SDN. BHD.,Selangor,43200,0,0,1,1,0,0
AS ENG JOO TRADING SDN. BHD.,Kedah,05400,0,1,1,1,0,0
ASAMED SDN. BHD.,Negeri Sembilan,71050,1,1,1,1,1,1
ASIA HEALTHCARE SDN. BHD.,Selangor,47000,0,0,1,1,0,0
ASP MEDICAL CLINIC SDN. BHD.,Pulau Pinang,11900,1,1,1,1,0,0
ASWAT PHARMACY MANAGEMENT & RETAIL CONSULTANCY SDN BHD,Perak,31300,1,1,1,1,0,0
AULIAH STORE SDN BHD,Sabah,91112,0,1,1,1,0,0
AUNI MEDICARE SDN BHD,Perak,30020,1,1,1,1,1,1
AURELIUS PHARMA SDN.BHD,Negeri Sembilan,71800,1,1,1,1,0,0
AUSTAR MARKETING SDN BHD,Sarawak,93350,0,1,0,1,0,0
AV PHARMA ENTERPRISE,Selangor,47120,0,1,0,1,0,0
AVANTSAR INTERNATIONAL SDN. BHD.,Sarawak,98000,0,0,1,1,0,0
Avantsar Sdn Bhd,Sarawak,98007,0,0,1,1,0,0
AVELON HEALTHCARE SDN. BHD.,W.P. Kuala Lumpur,52100,1,1,1,1,0,0
AVERROES PHARMACEUTICALS SDN. BHD.,Selangor,40100,1,1,1,1,0,0
AYURCO WELLNESS (M) SDN. BHD.,Selangor,46200,0,0,1,1,0,0
AZAM BEKAL ENTERPRISE,Perak,35950,1,1,1,1,0,0
AZAM HEALTHCARE,Kedah,08000,1,1,1,1,0,0
AZAM LOGISTICS,Kedah,08000,1,1,1,1,0,0
B-CROBES (M) SDN. BHD.,Selangor,47610,0,1,0,1,0,0
B-CROBES MARKETING (M) SDN BHD,Selangor,47610,0,1,0,1,0,0
B. Braun Medical Supplies Sdn Bhd,Pulau Pinang,13600,1,1,0,1,0,0
B.Y.CHAN PHARMACY SDN. BHD.,Sarawak,96000,1,1,1,1,0,0
BALING PHARMACY SDN. BHD.,Kedah,09100,1,1,1,1,0,0
BAN CHOON TRADING CO.,Perak,30300,0,1,1,1,0,0
BAN SAN CHAN (MELAKA) SDN BHD,Melaka,75200,0,0,1,0,0,0
Baroko Sdn Bhd,Selangor,47600,1,0,0,0,0,0
BE International Marketing Sdn Bhd,W.P. Kuala Lumpur,57000,0,0,1,1,0,0
BE INTERNATIONAL SDN BHD,W.P. Kuala Lumpur,57000,0,0,1,1,0,0
BE MED SDN BHD,Selangor,47100,1,1,1,1,0,0
BE-P Pharmacy Sdn Bhd,W.P. Kuala Lumpur,50300,1,1,1,1,0,0
BEACON PHARMACY SDN BHD.,W.P. Kuala Lumpur,52200,1,0,0,0,0,0
BEANSENG NT SDN BHD,Pulau Pinang,14300,0,1,0,1,0,0
BEMED PHARMA SDN BHD,Selangor,47100,1,1,1,1,0,0
BEN WAY MARKETING RESOURCES SDN BHD,Negeri Sembilan,70450,0,1,1,1,0,0
BENARLAB SDN BHD,Selangor,47500,1,0,0,0,1,0
BENG HUAT MM SDN BHD,Kelantan,16100,0,1,0,1,0,0
Besmed Medical Supplies,Perak,31400,0,0,0,1,0,0
BEST CHOICE MARKETING SERVICES,W.P. Labuan,87008,0,1,0,1,0,0
Bestcare Pharmacy,Sarawak,98100,1,1,1,1,0,0
BIDARI HEALTH SCIENCE SDN. BHD.,Johor,80200,0,0,0,1,0,0
BIG PHARMACY (SARAWAK) SDN. BHD.,Sarawak,93250,1,0,0,0,0,0
BIG PHARMACY AVENUE SDN. BHD.,Selangor,43000,1,1,1,1,0,0
BIG PHARMACY HEALTHCARE SDN BHD,Johor,81100,1,1,0,1,0,0
BIO-LIFE MARKETING SDN. BHD.,Selangor,47301,0,1,1,1,0,0
BIO-SCIENCE MARKETING SDN. BHD.,W.P. Kuala Lumpur,52100,0,0,1,1,0,0
BioCare Pharmaceutical (M) Sdn. Bhd.,Selangor,46150,1,1,1,1,0,0
Biofizz Marketing Sdn Bhd,Perak,30100,0,1,1,1,0,0
BIOFRESH GROWTH SDN. BHD.,Selangor,41200,1,0,0,0,0,0
BIOFUNCTION MARKETING SDN. BHD.,Selangor,46100,0,0,1,1,0,0
Bioworld Technologies Sdn Bhd,Selangor,47810,1,0,0,0,0,0
BIOXIS HOLDINGS SDN BHD,Pulau Pinang,14100,0,1,1,1,0,0
BONLIFE (M) SDN BHD,Selangor,68100,0,0,1,1,0,0
BOON PHARMACY SDN. BERHAD,Pulau Pinang,10100,1,1,0,1,0,0
BORNEO CARE PHARMACY SDN BHD,Sabah,91308,1,1,0,1,0,0
BORNEO DISPENSARY (BT.8) SDN BHD,Sabah,90706,1,1,1,1,1,1
BORNEO DISPENSARY SDN BHD,Sabah,90706,1,1,1,1,0,0
BORNEO INDAH SDN BHD,Sarawak,93450,0,1,0,1,0,1
BORNEO PHARMACY SUPPLIES SDN. BHD.,Sarawak,93050,1,1,1,1,0,0
Borneo Specialist Hospital Sdn Bhd,Sarawak,93350,1,1,1,1,0,0
Borneosew Medical Trading (M) Sdn Bhd,Selangor,47500,1,1,0,1,1,1
BREGO LIFE SCIENCES SDN. BHD,W.P. Kuala Lumpur,56100,0,0,1,1,0,0
BRIGHTWAY PHARMA SDN. BHD.,Sarawak,98000,1,1,1,1,0,0
BST MARKETING AND SALES SDN BHD,Kelantan,16100,0,1,0,1,0,0
BUMARI SDN. BHD.,Pulau Pinang,13400,0,1,1,1,0,0
BUMIMEDIC (MALAYSIA) SDN. BHD.,Selangor,46300,0,1,1,1,0,0
C.Y.C. HEALTH & BEAUTY SDN. BHD.,Sabah,91000,1,1,0,1,0,0
CAHAYA INDAH PHARMA SDN BHD,Sarawak,93050,1,1,1,1,0,0
CAHAYA MEKAR JAYA SDN BHD,Sarawak,93150,1,1,1,1,1,1
CAMBER LABORATORIES SDN. BHD.,W.P. Kuala Lumpur,59200,1,1,0,1,0,0
CAMBERT(M) SDN. BHD.,Selangor,47500,0,1,1,1,0,0
CARECLINICS HEALTHCARE SERVICES SDN. BHD.,Selangor,47810,1,1,1,1,0,0
CAREMARK SDN. BHD.,Selangor,40150,0,0,1,1,0,0
CARETTITUDE SDN BHD,Pulau Pinang,11500,1,0,0,0,0,0
CARING PHARMACY RETAIL MANAGEMENT SDN. BHD.,Pulau Pinang,10300,1,1,1,1,0,0
CELLTRION HEALTHCARE MALAYSIA SDN. BHD.,W.P. Kuala Lumpur,59200,1,0,0,0,0,0
CENTRAL PHARMACY SDN BHD,Sarawak,96000,1,1,0,1,0,0
Centrigate Sdn. Bhd.,Selangor,47301,1,1,0,1,0,0
CEVA LOGISTICS (MALAYSIA) SDN BHD,Selangor,40150,0,1,0,1,0,0
CHC DISTRIBUTORS (M) SDN BHD,Selangor,42200,0,1,0,1,0,0
CHC MERCHANDISE (M) SDN BHD,Selangor,42200,0,1,0,1,0,0
CHC SDN BHD,Selangor,42200,0,1,0,1,0,0
Cheh Ming Sdn. Bhd.,Sarawak,96000,0,0,1,0,0,0
CHEM CITY PHARMACY SDN. BHD.,Johor,84000,1,1,1,1,0,0
CHEMTECQ SERVICES SDN BHD,Sarawak,93350,1,0,0,0,0,0
CHEW HOCK CHOON,Sarawak,96000,0,1,1,1,0,1
CHINESE PATENT MEDICINES & MEDICATED LIQUORS CENTRE (PENANG) SDN. BHD.,Pulau Pinang,10050,0,0,1,1,0,0
CHINI ENTERPRISE (M) SDN. BHD.,W.P. Kuala Lumpur,50350,0,0,1,1,0,0
CHONG GUAN (2010) DRUG STORE WHOLESALERS,Sarawak,96000,0,0,1,1,0,0
Choon Eng (Sarawak) Sdn Bhd,Sarawak,93050,0,1,1,1,0,0
CHOON HUA BORNEO SDN BHD,Sabah,88450,0,1,1,1,0,0
CHOON HUA TRADING CORPORATION (SARAWAK) SDN BHD,Sarawak,96000,0,1,1,1,0,0
CHOON HUA TRADING CORPORATION SDN BHD,Sarawak,93050,0,1,1,1,0,0
CHOP ENG SENG CHAN MEDICAL HALL,Kelantan,15000,0,1,0,1,0,0
Chop Tan Seng Hong,Terengganu,20000,0,1,0,1,0,0
CHUA & CHUA TRADING,Sarawak,98000,0,1,0,1,0,0
CHUA TONGSAN SDN. BHD.,Johor,84000,0,0,1,0,0,0
Citraria Health & Cosmetics Marketing Sdn. Bhd.,Negeri Sembilan,70450,0,1,0,1,0,0
CITY PARADE PHARMACY (DAMAI),Sabah,88300,1,0,0,0,0,0
CK DISTRIBUTORS SDN BHD,Sarawak,96000,0,1,0,1,0,0
CL SU PHARMACY SDN BHD,Sarawak,98000,1,1,1,1,0,1
CLF TRADING SDN BHD,Terengganu,21300,0,1,0,1,0,0
Clover Pharmacy Sdn Bhd,Sarawak,98000,1,0,0,0,0,0
CNI ENTERPRISE (M) SDN. BHD.,Sabah,88450,0,1,1,1,0,0
COLUMBIA ASIA SDN BHD,Selangor,43200,1,0,0,0,0,0
CONFORER GLOBAL SDN BHD,W.P. Kuala Lumpur,55100,0,1,1,1,0,0
Costmed Pharmacy Sdn. Bhd.,Sarawak,96000,1,1,1,1,0,0
COSWAY (M) SDN. BHD.,W.P. Kuala Lumpur,55100,0,0,1,1,0,0
COZY PHARMACY,Negeri Sembilan,70450,1,1,1,1,0,0
Cp Centrecare Pharmacy Sdn. Bhd.,Melaka,75100,1,1,1,1,0,0
CRESCENT HEALTH SDN BHD,Sabah,88000,0,0,0,1,0,0
CSK PHARMA SDN. BHD.,Johor,79150,1,1,1,1,1,1
CSM HEALTHCARE,Johor,81700,1,0,0,0,0,0
Daiwa Enterprise Co,Sabah,88450,0,0,1,0,0,0
DAMAI RX SDN BHD,Kedah,08800,1,1,1,1,0,0
Danberg (m) Sdn Bhd,Selangor,40300,1,0,0,0,1,0
DAVOS LIFE SCIENCE SDN BHD,Selangor,42920,0,0,0,1,0,0
DCH AURIGA (MALAYSIA) SDN. BHD.,Selangor,40300,1,1,1,1,0,0
DE NEW PHARMACY SDN. BHD.,Sabah,90000,1,1,1,1,0,0
DELFI MARKETING SDN.BHD.,Selangor,47650,1,1,1,1,1,1
DESA SOUTHERN AGENCY SDN. BHD.,Johor,83300,0,0,1,0,0,0
DESMAJU SDN BHD,Pulau Pinang,14000,1,1,1,1,0,0
Dexchem Industries Sdn Bhd,Pulau Pinang,14000,1,1,0,1,1,1
DKSH MALAYSIA SDN. BHD.,Selangor,41200,1,1,1,1,0,1
DLYND ENTERPRISE,Pahang,25000,0,0,0,1,0,0
DOUBLE TWO WINS ENTERPRISE SDN BHD,Kelantan,18500,0,1,1,1,0,0
Dr. Reddy`s Laboratories Malaysia Sdn. Bhd.,W.P. Kuala Lumpur,58000,1,0,0,0,0,0
DS Pharma Herbs Sdn. Bhd.,Kedah,06000,0,0,1,0,0,0
DSB PHARMA SDN. BHD.,Johor,84000,1,1,1,1,0,0
DSN PHARMA SDN. BHD.,Selangor,47180,1,1,1,1,1,1
DUOPHARMA (M) SDN. BHD.,Selangor,41200,1,1,1,1,0,0
DUOPHARMA CONSUMER HEALTHCARE  SDN.BHD.,Johor,81750,0,1,1,1,0,0
DUOPHARMA HAPI SDN. BHD.,Selangor,40150,1,0,0,0,0,0
Duopharma Marketing Sdn. Bhd.,Selangor,43650,1,1,1,1,0,0
DXN MARKETING SDN BHD,Kedah,05400,0,0,1,0,0,0
DY HEALTHCARE SDN BHD,Pulau Pinang,11600,1,0,0,0,0,0
DYNAPHARM MARKETING (M) SDN BHD,Selangor,40150,1,1,1,1,0,0
E HEALTH SDN. BHD.,Selangor,40170,0,0,0,1,0,0
e-GIRIN INTERNATIONAL SDN. BHD,Melaka,75000,0,0,1,0,0,0
E.V Care Pharmacy,Perak,36000,1,1,1,1,0,0
EAGLE CLIFFE (M) SDN BHD,Selangor,46000,1,0,0,0,0,0
EARTH GREEN PHARMACY SDN BHD,Pahang,25200,1,1,1,1,0,0
EDARAN SNW SDN BHD,Kelantan,15100,0,1,0,1,0,0
EDEN PHARMACY SDN. BHD.,Selangor,40170,1,0,0,0,0,0
EE KOH ENTERPRISE SDN BHD,Pulau Pinang,14100,0,1,0,1,0,0
EE PHARMACY (M) SDN. BHD.,Selangor,40200,1,1,1,1,0,0
EHSAN MARKETING  SDN BHD,Kelantan,15200,0,1,0,1,0,0
EISAI (MALAYSIA) SDN. BHD.,Selangor,47400,1,1,0,1,0,0
ELDON HEALTHCARE SDN. BHD.,Johor,81000,0,1,1,1,0,0
ELEGANT WORLD (M) SDN. BHD.,Selangor,47620,0,0,1,1,0,0
ELITE BOND SDN. BHD.,Sabah,88300,0,0,1,0,0,0
ELKEN SDN. BHD.,Johor,81100,0,1,1,1,0,0
ENG TEEN SDN. BHD.,Perak,34000,0,0,0,1,0,0
ENINC JAYA SDN. BHD.,W.P. Kuala Lumpur,55200,0,1,1,1,0,0
EP PLUS GROUP SDN. BHD.,W.P. Kuala Lumpur,50480,1,1,1,1,0,0
Esprit Care Sdn. Bhd.,Selangor,47100,0,0,1,1,0,0
ETERNAL WISE SDN.BHD,W.P. Kuala Lumpur,56000,0,0,1,1,0,0
ETHOS HEALTHCARE SDN. BHD.,Selangor,63000,0,1,1,1,0,0
EUCOGEN SDN BHD,Selangor,40460,1,1,1,1,0,0
Eureka Healthcare (M) Sdn. Bhd.,Selangor,43650,1,1,0,1,0,0
EUROBIO SDN BHD,Selangor,46050,0,0,1,1,0,0
Evereign Trading Sdn Bhd,Sabah,90718,0,1,1,1,0,0
Evexia Ranau Pharmacy,Sabah,89308,1,0,0,0,0,0
EXPERTCARE PHARMACY SDN BHD,W.P. Labuan,87028,1,0,0,0,1,0
EXPRESSSAVE PHARMACY SDN BHD,W.P. Kuala Lumpur,50470,1,1,0,1,0,0
EXTRA EXCEL (MALAYSIA) SDN. BHD.,Sarawak,93350,0,0,1,0,0,0
FAEZAH HEALTHCARE SDN. BHD.,Sabah,88000,1,1,1,1,1,1
FAR EAST PHARMACY (LAHAD DATU) SDN BHD,Sabah,91112,1,1,1,1,1,1
FARM LAND SUPPLIES & VETERINARY SERVICES SDN. BHD.,Sarawak,93250,1,1,0,1,1,1
FARMASI  BINTANG,Johor,85300,1,1,1,1,1,1
FARMASI AFID,Sabah,89157,1,1,1,1,0,0
FARMASI AIMAN,Terengganu,21700,1,1,1,1,1,1
FARMASI AL ARIF SDN BHD,Selangor,43000,1,1,1,1,0,0
FARMASI ALANG SDN BHD,Melaka,78300,1,1,1,1,0,0
FARMASI ARIV VISION (TELOK PULAI) SDN BHD,Selangor,41100,1,0,0,0,0,0
FARMASI ASLAM (SABAH) SDN BHD,Sabah,88849,1,1,1,1,0,0
FARMASI ASTARAYA GURUN SDN. BHD.,Kedah,08300,1,1,1,1,1,1
FARMASI BAGAN (BW) SDN BHD,Pulau Pinang,12200,1,1,1,1,0,1
Farmasi Bahagia,Pahang,26100,1,1,1,1,0,0
FARMASI BAIDURI SDN BHD,Terengganu,20400,1,1,1,1,0,0
FARMASI BENTONG SDN.BHD.,Pahang,28700,1,1,1,1,0,1
FARMASI BERTAM,Pulau Pinang,13200,1,1,1,1,0,0
FARMASI C S (STATION 18) SDN. BHD.,Perak,31650,1,1,1,1,0,0
FARMASI C S SDN BHD,Perak,30010,1,1,1,1,0,0
FARMASI CARRIE SDN BHD,Johor,83000,1,1,1,1,1,1
FARMASI CHABANG TIGA SDN BHD,Terengganu,20050,1,1,1,1,1,1
FARMASI CITY CARE SDN. BHD.,Pulau Pinang,14000,1,1,1,1,0,0
FARMASI CKA,Terengganu,22300,1,1,1,1,0,0
FARMASI DAMAI SDN BHD,Kelantan,15000,1,1,0,1,0,0
FARMASI ECO CAHAYA SDN. BHD.,Johor,85000,1,1,1,1,0,0
FARMASI EHSAN SDN BHD,Kelantan,16800,1,1,1,1,0,0
FARMASI FAJR SDN BHD,Terengganu,21300,1,1,1,1,1,1
Farmasi Goodmedic Sdn Bhd,Selangor,43000,1,0,0,0,0,0
FARMASI HANEEM,Pahang,25200,1,1,1,1,1,1
FARMASI HARMONI SHIFA SDN BHD,Pulau Pinang,13220,1,1,1,1,0,0
FARMASI HARTAMAS,Perak,31350,1,1,0,1,0,0
FARMASI HING SDN BHD,Perak,32000,1,0,0,0,0,0
FARMASI IKHWAN,Perak,31350,1,0,0,0,0,0
FARMASI IMAN SDN BHD,Kelantan,16400,1,1,0,1,0,0
FARMASI ISIHAT SDN BHD,Perak,32040,1,1,1,1,1,1
FARMASI JACKSON,Pulau Pinang,11960,1,1,1,1,0,0
FARMASI KUALA NERUS SDN BHD,Terengganu,21030,1,1,1,1,0,0
FARMASI KUNAK SDN. BHD.,Sabah,91207,1,1,1,1,0,0
FARMASI LANGKAP,Perak,36700,1,1,1,1,0,0
FARMASI LIMBONGAN (M) SDN BHD,Melaka,75200,1,1,1,1,1,1
FARMASI MEDIGLO,Pahang,25300,1,0,0,0,0,0
Farmasi Millenium (Sri Sentosa) Sdn Bhd,W.P. Kuala Lumpur,58000,1,0,0,0,0,0
FARMASI MUAMMAR,Kelantan,17500,1,1,1,1,0,0
FARMASI MYINDAH (M) SDN.BHD,Kedah,09700,1,1,1,1,0,0
FARMASI NAJWA,Perak,34200,1,1,1,1,0,0
FARMASI OMNICARE SDN BHD,Selangor,46000,1,1,1,1,0,1
FARMASI PANTAI HILLPARK,W.P. Kuala Lumpur,59200,1,1,1,1,1,1
FARMASI PASIR PANJANG SDN BHD,Terengganu,21100,1,1,1,1,1,0
FARMASI PERDANA,Kelantan,15000,1,1,0,1,0,0
FARMASI PERMAISURI,Sarawak,98000,1,1,1,1,0,0
Farmasi R.S. Sdn Bhd,Perak,30100,1,1,1,1,1,1
FARMASI SEGAMAT,Johor,85400,1,1,1,1,1,1
FARMASI SHARIFAH NUR,Johor,86400,1,0,0,0,0,0
FARMASI SIHAT SDN BHD,Johor,83100,1,1,1,1,0,0
FARMASI SITIAWAN SDN BHD,Perak,32000,1,1,1,1,0,0
Farmasi Srisai Sdn. Bhd,Perak,35900,1,1,1,1,1,1
FARMASI TALANG,Perak,33000,1,1,1,1,1,1
FARMASI TANJUNG SINAR SDN. BHD.,Sabah,91000,1,1,1,1,0,0
FARMASI UTAMA WHOLESALES SDN BHD,W.P. Kuala Lumpur,52200,1,1,0,1,0,0
FARMASI ZEST SDN BHD,Johor,85000,1,1,1,1,1,1
FARZIM MEDICARE SDN. BHD.,W.P. Kuala Lumpur,53100,1,0,0,0,0,0
FIDIN UNIVERSAL SDN BHD,W.P. Kuala Lumpur,54200,1,0,0,0,0,0
Fijiliam Enterprise Sdn. Bhd.,Negeri Sembilan,70200,1,0,0,0,0,0
FIRST BIOFARM SDN. BHD.,Pulau Pinang,14000,1,1,0,1,1,1
FIRSTCARE PHARMACY SDN BHD,Selangor,41200,1,0,0,0,0,0
FMC GREENLAND SDN. BHD.,Selangor,47100,0,0,1,0,0,0
FOMEMA PHARMACEUTICALS SDN. BHD.,Selangor,40100,0,1,1,1,0,0
FORESIGHT PHARMA SDN. BHD.,Selangor,42300,1,1,1,1,1,1
FORLIFE RESEARCH SDN. BHD.,W.P. Kuala Lumpur,59200,0,0,1,1,0,0
FRESENIUS KABI MALAYSIA SDN. BHD,Selangor,46100,1,1,0,1,0,0
FRESENIUS MEDICAL CARE MALAYSIA SDN. BHD.,Selangor,46100,1,0,0,0,0,0
FSR HOUSE HEALTHCARE,Kedah,08000,1,1,1,1,0,0
FTA Healthcare Sdn. Bhd.,Selangor,47301,1,1,1,1,0,0
FULLINE TRADING SDN BHD,Sabah,88450,0,1,1,1,0,0
FUMMAH TRADING SDN. BHD.,W.P. Kuala Lumpur,56000,0,1,1,1,0,0
FUSION SCIENTIFIC SDN. BHD.,Selangor,40150,0,0,0,1,0,0
FUSUN TASTY SDN. BHD.,W.P. Kuala Lumpur,52100,0,1,0,1,0,0
GANO E WORLDWIDE SDN. BHD.,Selangor,47820,0,0,1,0,0,0
GANO EXCEL ENTERPRISE SDN BHD,Kedah,05350,0,0,1,1,0,0
GBA CORPORATION SDN. BHD.,Selangor,47100,0,1,0,1,0,0
GENIUS PROFIT SDN. BHD.,Selangor,47301,0,0,1,0,0,0
GENLLY (M) SDN BHD,Pahang,28000,0,1,0,1,0,0
GENRES TRADING SDN. BHD.,Selangor,43000,0,0,1,0,0,0
GENTLE-BRIGHT CORPORATION SDN. BHD.,Selangor,46050,0,1,1,1,0,0
GERMAX SDN. BHD.,Selangor,47810,1,1,1,1,0,0
GG HEALTHCARE SDN BHD,Selangor,40150,1,1,1,1,1,1
GHEE HUAT BROTHERS TRADING (KEL) SDN BHD,Kelantan,16100,0,1,0,1,0,1
GK BIO INTERNATIONAL SDN. BHD.,Selangor,47810,1,1,1,1,0,0
GLOBAL PETS SDN BHD,Johor,81200,1,1,0,1,1,1
GLOBAL PHARMA SDN BHD,Sarawak,93350,1,1,1,1,1,1
GLOBAL SCIENCE SDN. BHD.,Selangor,47301,1,1,1,1,0,0
GNC Agritech Sdn Bhd,Pulau Pinang,14000,1,0,0,0,1,0
GOBUY TRADING SDN BHD,Selangor,43000,0,0,1,1,0,0
GOODWILL PHARMACY,W.P. Labuan,87023,1,1,1,1,1,1
GR2 Pharmacy Sdn Bhd,Pulau Pinang,10460,1,0,0,0,0,0
GREAT PLUS ENTERPRISE SDN BHD,Selangor,41200,0,1,0,1,0,0
Great Zhong Ar Trading Sdn. Bhd.,Johor,81100,0,1,1,1,0,0
GREATWALL TRADING (MELAKA) SDN BHD,Melaka,75250,0,0,1,0,0,0
GREATWALL TRADING COMPANY,Melaka,75250,0,0,1,0,0,0
GREEN CARE HEALTH MANAGEMENT SDN BHD,Selangor,46300,1,1,1,1,0,0
Green Hut Farming Sdn Bhd,Sarawak,93250,1,1,0,1,1,1
Green Nu International Sdn Bhd,W.P. Kuala Lumpur,56000,0,0,0,1,0,0
GROWAY (MALAYSIA) SDN. BHD.,Selangor,47810,0,0,1,1,0,0
GT HEALTHCARE SDN. BHD.,Selangor,47301,0,1,0,1,0,0
GUAN PHARMACY,Pulau Pinang,13300,1,1,1,1,0,0
GUARDIAN HEALTH AND BEAUTY SDN. BHD.,Selangor,40100,1,1,1,1,0,0
GUONG CHOON MEDICAL HALL SDN BHD,Sarawak,96000,0,1,1,1,0,0
H-POINT PHARMACY SDN BHD,Perak,30300,1,1,1,1,1,0
Haczen Sdn Bhd,Selangor,47650,1,0,0,0,0,0
HAI-O ENTERPRISE BERHAD,Selangor,41400,0,0,1,0,0,0
HAI-O MEDICINE SDN. BHD.,Selangor,41400,0,0,1,1,0,0
Halagel Healthcare Sdn. Bhd.,W.P. Kuala Lumpur,53300,1,1,1,1,0,0
Haleon Malaysia Sdn. Bhd.,Selangor,68000,1,1,0,1,0,0
HAN BOON MULTI TRADING,Selangor,45300,0,0,1,1,0,0
Hanan Medicare Sdn Bhd,Selangor,47810,1,1,0,1,0,0
Hanavet Sdn Bhd,Selangor,40300,1,0,0,0,1,0
HAN`S PHARMACY SDN. BHD.,Pulau Pinang,13200,1,0,0,0,0,0
HAPPY LINK DISTRIBUTORS SDN BHD,Selangor,47160,0,0,1,0,0,0
HARMONI FARMASI SDN.BHD,Terengganu,23000,1,1,1,1,1,1
Harrisons Sabah Sdn. Bhd.,Sabah,88800,0,1,0,1,0,0
HARRISONS SARAWAK SDN BHD,Sarawak,93050,0,1,0,1,0,0
HDI NETWORK (M) SDN. BHD.,Selangor,47620,0,0,1,1,0,0
HEALIVING SUPPLIES SDN BHD,W.P. Kuala Lumpur,58200,0,1,1,1,0,0
HEALOL PHARMACEUTICALS SDN. BHD.,W.P. Kuala Lumpur,53300,1,1,1,1,0,0
Health Hub Trading Sdn. Bhd,Perlis,01000,1,1,0,1,0,0
HEALTH LANE FAMILY PHARMACY SDN. BHD.,Selangor,43300,1,1,1,1,0,0
HEALTH PATH SDN BHD,Kedah,05460,1,1,1,1,0,0
Health Union Sdn. Bhd.,Johor,81200,0,1,1,1,0,0
Healthcare Solution Sdn.bhd.,Selangor,47100,1,0,0,0,0,0
HEALTHLINK SERVICES SDN BHD,Perak,36000,1,1,0,1,0,0
Healthsense Pharmacy Sdn Bhd,Sarawak,97000,1,1,1,1,0,0
HEALTHY WAY (MALAYSIA) SDN. BHD.,W.P. Kuala Lumpur,57000,0,0,1,1,0,0
Healthyland Marketing,Perak,31450,0,0,1,0,0,0
HENG HUAT LEE SDN BHD,Kedah,08000,0,1,1,1,0,0
HENG YONG TRADING SDN. BHD.,Sarawak,93100,0,1,1,1,0,0
HERBA MANJUR (M) SDN BHD,Melaka,75450,0,1,1,1,0,0
HERBAL SCIENCE SDN. BHD.,Selangor,47300,0,1,1,1,0,0
HERBALIFE PRODUCTS MALAYSIA SDN BHD,W.P. Kuala Lumpur,50200,0,1,1,1,0,0
Herbs of Gold Sdn Bhd,Selangor,40150,0,0,1,1,0,0
HIGH MEAN (M) SDN. BHD.,W.P. Kuala Lumpur,52200,0,0,1,0,0,0
Hisamitsu Pharmaceutical Malaysia Sdn. Bhd.,W.P. Kuala Lumpur,59200,1,1,0,1,0,0
HJE HEALTHCARE,Pulau Pinang,10150,1,1,1,1,0,0
HL PHARMACEUTICALS SDN. BHD.,W.P. Kuala Lumpur,51000,0,1,1,1,0,0
HNB ALLIANCE SDN. BHD.,Selangor,47130,0,1,1,1,0,0
HNB MARKETING SDN BHD,Selangor,47100,0,1,1,1,0,0
HOCK CHEONG TRADING COMPANY,Pulau Pinang,13800,0,1,1,1,0,0
HOEN SDN. BHD.,Selangor,47100,0,1,1,1,0,0
HOI CHOON MEDICAL HALL SDN BHD,Sarawak,96000,0,1,1,1,0,1
HOMEWELL BIOSCIENCE (M) SDN BHD,Selangor,47301,0,0,1,0,0,0
HONG HING TRADING CO,Sabah,91000,0,1,1,1,0,0
HONG HUAT,Terengganu,20300,0,1,0,1,0,0
HONG KONG BAN KAH CHAI SDN. BHD.,Pulau Pinang,14120,0,0,1,0,0,0
HONG YANG HOO T.Y.T. SDN BHD,Pulau Pinang,10300,0,1,1,1,0,0
HOOIT MART SDN BHD,Perak,30100,1,0,0,0,0,0
HOUSE PHARMACY SDN. BHD.,Pulau Pinang,13200,1,1,1,1,0,0
Hovid Pharmacy Sdn. Bhd.,Selangor,47301,1,1,1,1,0,0
HOYU ENTERPRISE SDN BHD,Selangor,40150,0,1,1,1,0,0
HS Health Serve Sdn. Bhd.,Selangor,47100,0,1,0,1,0,0
HT FARMING,Johor,83000,1,0,0,0,1,0
HUA BAN TRADING SDN.BHD.,Sarawak,96000,0,1,0,1,0,0
Huat Chan Trading (Sabah) Sdn. Bhd.,Sabah,88300,0,1,1,1,0,0
HUBLONG OIL & FOOD SDN BHD,Melaka,75250,0,1,0,1,0,0
HUI CHOON (2021) SDN. BHD.,Sarawak,96000,0,1,1,1,0,1
HUI CHOON TRADING DRUG STORE,Sarawak,96000,0,0,1,0,0,0
Hui Chung Tong 2001 Medical Store,Sarawak,96100,0,1,1,1,0,0
HW CASH & DELIVERY SDN BHD,Perak,31400,0,1,1,1,0,0
I PHARMACY,Pulau Pinang,11600,1,1,1,1,0,0
ICARE RX (KAMUNTING) SDN. BHD.,Perak,34600,1,1,1,1,0,0
ICARE RX SDN. BHD.,Perak,34000,1,1,1,1,0,0
ICON SUNSURIA SDN. BHD.,Selangor,47810,1,0,0,0,0,0
IDAMAN PHARMA MANUFACTURING SDN. BHD.,Perak,32610,1,0,0,0,0,0
IDAMAN PHARMA SDN. BHD.,W.P. Kuala Lumpur,53300,1,1,1,1,0,0
IDEAL NAUTICARE SDN. BHD.,Selangor,40470,1,1,1,1,0,0
IED HEALTHCARE SDN. BHD.,W.P. Kuala Lumpur,53300,1,1,1,1,1,1
IHB HEALTHCARE SDN BHD,Selangor,46150,1,1,0,1,0,0
IJ PHARMACY (SA) SDN. BHD.,Johor,81750,1,0,0,0,0,0
IMAGE PHARMA SDN BHD,Selangor,47300,1,1,0,1,0,0
IMAN IKHLAS (M) SDN BHD,Pulau Pinang,13200,0,1,0,1,0,0
IMAN MEDICARE SDN. BHD.,Terengganu,20050,1,1,1,1,0,0
IMEKS PHARMA SDN. BHD.,W.P. Kuala Lumpur,51200,1,1,1,1,0,0
IMONO SDN BHD,W.P. Kuala Lumpur,55200,0,0,0,1,0,0
Infinitus International (Malaysia) Sdn Bhd,Selangor,47170,0,0,1,1,0,0
INNOMATT TRADING SDN.BHD.,Sabah,91000,0,0,1,0,0,0
INTAN MEDICAL SUPPLIES SDN. BHD.,Terengganu,20300,1,1,1,1,1,1
Intan Pharmacy,Perak,36000,1,1,1,1,1,1
IPH Pharmaceuticals Sdn. Bhd.,W.P. Kuala Lumpur,55100,1,1,1,1,0,0
Ipoh Prima Medic Sdn Bhd,Perak,31400,1,1,1,1,0,0
Irispharm Ventures Sdn Bhd,Selangor,43300,1,0,0,0,0,0
IZUHAN PHARMACY SDN BHD,Pulau Pinang,10100,1,1,0,1,0,0
J S Pharma Concept Sdn Bhd,Sarawak,93450,1,1,1,1,0,0
J. BIO MEDIC MARKETING SDN. BHD.,Sarawak,93300,1,1,1,1,0,1
J.O.Y. Pharmacy,Sarawak,93250,1,1,1,1,0,0
Jasa Pharmacy Sdn Bhd,Sabah,91000,1,1,0,1,0,0
Jasacare Sdn Bhd,W.P. Kuala Lumpur,55200,0,0,1,0,0,0
JAYA MEDI SUPPLY,Pulau Pinang,14000,0,1,1,1,0,0
Jaya Pelita Pharma (m) Sdn Bhd,Selangor,40150,1,1,0,1,1,1
JEN PHARMACY SDN BHD,Sarawak,96000,1,1,1,1,1,1
JETPHARMA SDN. BHD.,Selangor,47100,1,1,1,1,0,0
JH Trading Enterprise,Sabah,88450,1,1,0,1,1,1
JIN BIN CORPORATION SDN. BHD.,Kedah,05400,0,1,1,1,0,0
JIN LOONG ENTERPRISE SDN. BHD.,Johor,81200,0,0,1,0,0,0
JION RX SDN. BHD.,Pulau Pinang,11900,1,1,0,1,0,0
JNTL (MALAYSIA) SDN. BHD.,Selangor,46050,1,1,1,1,0,0
JOO THYE LEONG ENTERPRISE SDN BHD,Melaka,75250,0,1,0,1,0,0
JUZCARE PHARMACY SDN BHD,Selangor,43500,1,1,1,1,0,0
K-LINK INTERNATIONAL SDN. BHD.,Selangor,43300,0,1,1,1,0,0
K.h.hoe Pharmacal Sdn Bhd,Selangor,42000,1,0,0,0,0,0
Kah Ban Trading Sdn Bhd,Selangor,41000,0,0,1,1,0,0
KAHONG SDN. BHD.,Sarawak,93450,0,0,1,0,0,0
KAMPAR MEDICAL SUPPLIES (M) SDN. BHD.,Perak,31900,1,1,1,1,0,0
KANGLIN ENTERPRISE SDN BHD,Perak,31350,0,1,0,1,0,0
KB PHARMA SDN. BHD.,Kelantan,15200,1,1,1,1,0,0
KCK PHARMACEUTICAL INDUSTRIES SDN. BHD.,Kedah,08000,1,1,1,1,0,0
KDH PHARMACY & HEALTHMART PLT,Sabah,90000,1,1,1,1,0,0
KDH PHARMACY SDN BHD,Sabah,90000,1,1,1,1,0,0
KEDAI UBAT BERIN SDN BHD,Johor,81100,0,1,0,1,0,0
KEDAI UBAT ENG TAI,Kelantan,15000,0,1,1,1,0,0
KEDAI UBAT SONG LIN SDN. BHD.,Johor,81300,0,1,0,1,0,0
KEDAI UBAT TIONG GUAN SDN BHD,Pulau Pinang,10100,0,0,1,0,0,0
KEK LIN SENG SDN BHD,Sarawak,96000,0,1,1,1,0,0
KEN KEONG HAP KEE SDN BHD,Sabah,90000,0,1,1,1,0,0
KENG SENG TRADING,Sabah,91000,0,1,1,1,0,0
Kenrixs Enterprise Sdn Bhd,Pulau Pinang,14300,0,0,1,0,0,0
KEVAROS GLOBAL SDN. BHD.,W.P. Kuala Lumpur,59200,0,0,1,0,0,0
KFN PHARMA SDN. BHD.,Sarawak,93450,1,1,1,1,1,1
KHENG HENG MEDICAL (M) SDN BHD,Selangor,68100,0,0,1,0,0,0
KHIM FOOK TRADING SDN BHD,Kedah,05150,0,1,0,1,0,0
KHOO MEDICAL SUPPLIES,Perlis,01000,1,1,1,1,0,0
KIAN HOOI SDN. BHD.,Johor,81800,0,1,0,1,0,0
KIAN SENG (THAY & SONS) SDN BHD,Terengganu,21300,0,1,0,1,0,0
KIEN FATT MEDICAL STORE SENDIRIAN BERHAD,W.P. Kuala Lumpur,50000,0,1,1,1,0,0
KIM TECK CHEONG (BORNEO) SDN. BHD.,Sarawak,98100,0,1,1,1,0,0
KIM TECK CHEONG (SARAWAK) SDN BHD,Sarawak,96000,0,1,0,1,0,0
KIM TECK CHEONG DISTRIBUTION SDN BHD,Sabah,88460,0,1,1,1,0,0
KIM TECK CHEONG SDN BHD,Sabah,90000,0,1,1,1,0,0
KIN YIN TRADING SDN BHD,Sabah,91008,0,1,1,1,0,0
KINABALU MEDIK SUPPLIES SDN. BHD.,Sabah,88450,1,1,1,1,0,0
KINABALU PHARMACY (TAWAU) SDN BHD,Sabah,91000,1,1,1,1,0,0
KINLIFE PHARMACY SDN. BHD.,Sabah,89600,1,1,1,1,0,0
Kino Biotech (M) Sdn Bhd,Selangor,40460,0,0,1,1,0,0
KINRARA AGENCY SDN BHD,Selangor,43300,1,1,1,1,0,0
KITTON (M) SDN BHD,Selangor,43000,1,1,0,1,1,1
KLANG CHEMIST SDN BHD,Selangor,41150,1,1,1,1,0,0
KM Vet Pharm Sdn. Bhd.,Selangor,68100,1,1,0,1,1,1
KNH STAR TRADING (M) SDN. BHD.,Johor,81800,0,1,0,1,0,0
Ko Dermal Solutions Sdn Bhd,Selangor,41400,1,1,1,1,0,0
KO SIONG CHEUN SDN. BHD.,Sarawak,93000,0,1,0,1,0,0
KOMEDIC SDN BHD,Selangor,46150,1,1,0,1,0,0
KOOK HOE TRADING SDN BHD,Sabah,90000,0,0,0,1,0,0
KS HOO PHARMACY,Sarawak,98000,1,0,0,0,0,0
KSB PHARMA SDN. BHD.,Pahang,26100,1,1,1,1,0,0
KST (M) SDN. BHD.,Kelantan,16100,0,1,0,1,0,0
Kty Chemicals Sdn. Bhd.,Pulau Pinang,14300,1,1,0,1,1,1
KUALA LUMPUR PHARMACY (W.O.) SDN. BHD.,W.P. Kuala Lumpur,52100,0,1,1,1,0,0
KUALA LUMPUR SPORTS MEDICINE CENTRE SDN BHD,W.P. Kuala Lumpur,50490,1,1,1,1,0,0
KWONG ONN TONG SDN BHD,Melaka,75350,0,1,0,1,0,0
L H Marketing Sdn Bhd,Pulau Pinang,14100,0,1,0,1,0,0
L H Sales & Marketing Sdn. Bhd.,Pulau Pinang,14100,0,1,0,1,0,0
L.K. TEE ENTERPRISE SDN. BHD.,Selangor,41200,0,1,1,1,0,0
LAI NGIT SEN SDN. BHD.,Sarawak,93200,1,1,0,1,1,1
LAMBANG KASTURI SDN BHD,Terengganu,21100,0,1,1,1,0,1
Lau & Tan Pharmacy Sdn Bhd,Terengganu,20100,1,1,1,1,0,0
LCH PRODUCTS SDN BHD,Johor,81100,0,1,1,1,0,0
LEE FAH TRADING CO. SDN. BHD.,Johor,81200,0,0,1,0,0,0
LEE FARMASI & BABY CENTRE SDN BHD,Selangor,41400,1,1,0,1,0,0
LEONG FATT CO SDN BHD,Pulau Pinang,10400,0,0,1,0,0,0
LEONG YUN FAH SDN BHD,Sabah,88450,0,1,0,1,0,0
LF MERCU SDN BHD,Selangor,68100,1,1,1,1,1,1
Li Yan Trading,Sarawak,93050,0,0,1,0,0,0
LIAN LEE PLT,Sabah,89008,0,1,1,1,0,1
Life (veterinary) Sdn. Bhd.,Negeri Sembilan,70200,1,0,0,0,1,0
LIFECARE HEALTHCARE PHARMACY SDN. BHD.,Sabah,91100,1,1,0,1,0,0
LIM MEDICAL SUPPLIES SDN BHD,Terengganu,20100,1,0,0,0,0,0
Lim Seng Pharmachem Sdn Bhd,Pulau Pinang,13600,1,1,0,1,1,1
LINK HEALTHCARE SDN. BHD.,Selangor,40150,1,0,0,0,0,0
Lione Global Medi Services PLT,W.P. Kuala Lumpur,58200,0,1,0,1,0,0
LIVING CARE SDN. BHD.,W.P. Kuala Lumpur,56000,0,1,0,1,0,0
LM MEWAH SDN BHD,Selangor,68100,1,0,0,0,0,0
LO (GB) FARMASI SDN. BHD.,Terengganu,21300,1,1,1,1,0,0
LOTUS PHARMACY,Pulau Pinang,14000,1,1,1,1,0,0
LOVING PHARMACY SDN. BHD.,Johor,81300,1,1,1,1,0,0
LPM BIO SCIENCE SDN. BHD.,W.P. Kuala Lumpur,52200,0,0,0,1,0,0
LT LING PHARMACY SDN BHD,Sarawak,97000,1,1,1,1,0,0
LUEN WAH MEDICAL CO. SDN. BHD.,Selangor,46050,1,1,0,1,0,0
LUENWA TRADING SDN BHD.,Perak,31400,0,1,1,1,0,0
LUMINOUS LIBERTY SDN. BHD.,Sarawak,93350,0,0,0,1,0,0
LUXOR NETWORK ASIA SDN BHD,Selangor,47810,0,0,1,1,0,0
Luye Pharma (Malaysia) Sdn. Bhd.,Selangor,47600,1,1,1,1,0,0
M.S. ALLY PHARMA SDN BHD,W.P. Kuala Lumpur,50050,1,1,0,1,0,0
MACRO HEALTHCARE SDN BHD,Melaka,75050,1,1,0,1,0,0
MAGNIFICENT DIAMONDS RESOURCES,Johor,85000,1,1,1,1,0,0
MAHKOTA MEDICAL CENTRE SDN BHD,Melaka,75000,1,1,1,1,0,0
MAJOR TRADE SDN BHD,Perak,31400,0,0,0,1,0,0
Malaysian Diagnostics Corporation Sdn Bhd,Selangor,47100,1,0,0,0,0,0
MALAYSIAN GENOMICS RESOURCE CENTRE BERHAD,Selangor,47810,1,1,1,1,1,1
MANPOWER LEADERS SDN. BHD.,Selangor,40170,0,0,0,1,0,0
Marigold Pharmacy,Sarawak,93100,1,1,0,1,0,0
Mastura Enterprise,Selangor,68100,0,1,1,1,0,0
MAX MEDI PRO SDN. BHD.,W.P. Kuala Lumpur,51200,1,0,0,0,0,0
MAYFLAX SDN BHD,Selangor,46350,1,1,1,1,0,1
MB NUTRACEUTICALS SDN BHD,W.P. Kuala Lumpur,52200,0,0,1,1,0,0
MBF MANAGEMENT SDN BHD,Selangor,46200,1,1,1,1,0,0
Mebo Healthcare Sdn Bhd,Selangor,47400,0,0,1,1,0,0
MEDAN JAYA PHARMACY SDN. BHD.,Sarawak,97000,1,1,1,1,0,0
MEDERIS SDN. BHD.,W.P. Kuala Lumpur,50470,1,1,0,1,0,0
MEDI BAGAN SERAI SDN BHD,Perak,32000,1,1,0,1,0,0
Medi Radio Malaysia Sdn Bhd,W.P. Kuala Lumpur,50480,1,0,0,0,0,0
MEDIC ALCHEMY SDN. BHD.,Negeri Sembilan,70300,1,1,1,1,1,1
medical supplies (labuan) sdn bhd,W.P. Labuan,87008,1,1,1,1,0,0
MEDICAL SUPPLIES (SARAWAK) SDN BHD,Sarawak,93250,1,0,0,0,0,0
MEDICARE PHARMACY,Sarawak,96000,1,1,1,1,1,1
MEDICART SDN. BHD.,Selangor,40100,1,1,1,1,1,1
MEDICHEMIE PHARMACY (M) SDN.BHD,Kelantan,15050,1,1,1,1,0,0
MEDICINSPIRE GLOBAL SDN BHD,W.P. Kuala Lumpur,52200,0,0,0,1,0,0
MEDIEARTH BUMI MEDICAL SUPPLIES SDN BHD,Sarawak,98000,1,1,1,1,0,0
MEDIK PHARMA TRADING,Selangor,40460,1,1,0,1,0,0
MEDIMEX SDN BHD,W.P. Kuala Lumpur,51200,0,1,1,1,0,0
MEDIPHARM INDUSTRIES SDN. BHD.,Selangor,46050,0,1,1,1,0,0
MEDISHIELD FIRST AID SUPPLIES SDN BHD,Selangor,47100,0,1,1,1,0,0
MEDISPEC (M) SDN. BHD.,Selangor,47301,1,1,1,1,0,0
MEDIWELL PHARMACY SDN. BHD.,Johor,83000,1,1,0,1,0,0
MEDS AND VITS PHARMACY,Pulau Pinang,13000,1,1,1,1,0,0
Medtown Pharmacy Sdn Bhd,Sarawak,94200,1,1,1,1,0,0
MEGA KULIM PHARMACY SDN BHD,Kedah,09000,1,1,1,1,0,0
MEGA LIFESCIENCES SDN. BHD.,Selangor,47301,0,1,1,1,0,0
MegaLive BioSciences Sdn Bhd,Kedah,09000,0,1,1,1,0,0
Mekar Medik Sdn. Bhd.,Pahang,25200,1,1,1,1,0,0
MELAKA STRAITS MEDICAL CENTRE SDN. BHD.,Melaka,75200,1,1,1,1,1,1
Melodies Distributors Sdn Bhd,Johor,81800,0,1,1,1,0,0
MENTARI YAKIN SDN BHD,Negeri Sembilan,71010,0,1,1,1,0,0
MEPHARM (MALAYSIA) SDN. BHD.,Selangor,47600,1,1,0,1,0,0
MERCU MUTLAK SDN BHD,Melaka,75350,0,1,1,1,0,0
MERCURY WELLNESS SDN. BHD.,Pahang,28400,1,1,1,1,0,1
MERISON MARKETING SDN BHD,Pahang,25200,0,1,0,1,0,0
MERIT PHARMACY SDN. BHD.,Perak,34000,1,1,1,1,0,0
METRO JENDELA SDN. BHD.,Selangor,40400,1,1,0,1,0,0
METRO PENDANG ENTERPRISE,Kedah,06700,1,1,0,1,0,0
Metta-Care Pharmacy Sdn. Bhd.,Perak,34000,1,1,1,1,0,1
MFAS MEDIGROUP SDN. BHD.,Kedah,05050,1,1,1,1,1,1
MFM AGROVET,Selangor,40150,1,1,1,1,1,1
MH WARISAN BATU ENAM SDN BHD,Terengganu,21200,1,1,1,1,1,1
MICO FARMASI SDN BHD,Kedah,05000,1,1,1,1,0,0
Mikromedik Sdn Bhd,Selangor,43300,1,1,0,1,0,0
Mikromedik South Sdn. Bhd.,Johor,83000,1,1,1,1,0,0
MILLION MEDICAL (PERAK) SDN.BERHAD,Perak,31450,0,1,0,1,0,0
MILRIN PHARMACEUTICAL CO. (M) SDN. BHD.,Pulau Pinang,10400,1,1,1,1,0,0
MIN KANG TRADING CO,Sarawak,97000,0,1,1,1,0,1
MINE HEALTHCARE SDN. BHD.,Johor,83000,1,1,1,1,0,0
MIRI UNITED HEALTHCARE SDN. BHD.,Sarawak,98000,1,1,0,1,0,0
Moh Heng Pharmacy Sdn.Bhd,Sarawak,98000,1,1,1,1,0,0
MONT EBONY SDN BHD,Pulau Pinang,13700,1,1,0,1,0,0
MRG HEALTH SDN. BHD.,Kedah,09000,1,1,0,1,0,0
MSU PHARMA SDN. BHD.,Selangor,40100,1,1,1,1,1,1
MU WAREHOUSE SDN. BHD.,Kedah,06000,1,1,1,1,1,1
MULTICARE HEALTH PHARMACY SDN BHD,Selangor,43200,1,0,0,1,0,0
Multicare Pharmacy (Bahau) Sdn. Bhd.,Negeri Sembilan,72100,1,0,0,0,0,0
MULTISPIRIT SDN BHD,Sabah,88450,0,1,0,1,0,0
MUNIKASS HEALTHCARE (M) SDN. BHD.,Perak,35900,0,1,1,1,0,0
MUTIARA MURNI SDN BHD,Selangor,46000,1,0,0,0,0,0
My Biochem Pharma Sdn Bhd,Selangor,41000,1,1,1,1,0,0
MY CHOICE PHARMACY SDN. BHD.,Sabah,89300,1,1,1,1,1,1
MY HOME PHARMACY SDN. BHD.,Sabah,88400,1,1,1,1,0,0
MY TAMPARULI PHARMACY SDN. BHD.,Sabah,89257,1,1,1,1,1,1
Myangkasa Farmasi Sdn Bhd,Selangor,47301,1,1,1,1,0,0
MYDIN MOHAMED HOLDINGS BERHAD,Pahang,25000,0,1,0,1,0,0
MYDIN WHOLESALE CASH AND CARRY SDN. BHD.,Pulau Pinang,13700,0,1,0,1,0,0
MYVAX SDN. BHD.,Negeri Sembilan,71800,1,1,1,1,0,0
N-REGCO MARKETING SDN BHD,Melaka,75450,0,1,0,1,0,0
N.a.m. Trading (ipoh) Sdn Bhd,Perak,31400,1,1,0,1,1,1
N.A.Z. Medical Supplies Sdn. Bhd.,Selangor,47120,1,1,0,1,0,0
N.K. LUCK SDN. BHD.,W.P. Kuala Lumpur,50200,1,0,0,0,0,0
Nam Pharma Sdn. Bhd.,Perak,31200,1,1,0,1,1,1
NANG HIN MEDICAL SDN. BHD.,Selangor,47100,0,1,1,1,0,0
Nano Medic Care Sdn. Bhd.,Johor,84000,1,1,1,1,0,0
NARISA EMPIRE SDN. BHD.,Johor,85000,1,1,1,1,0,0
NASRA PHARMACY SDN BHD,Selangor,43650,1,0,0,0,0,0
NATURAL WELLNESS INDUSTRIES SDN. BHD. (MILIK PENUH NUTRIVENTION SDN. BHD),W.P. Kuala Lumpur,56000,0,1,1,1,0,0
NATUREEN SDN BHD,Johor,81100,0,1,1,1,0,0
NATURE`S GRACE MARKETING (M) SDN. BHD.,Melaka,75000,0,0,1,0,0,0
NAZEN MEDICARE SDN. BHD.,Kelantan,17000,1,1,0,1,0,0
NCHK MEDICINE ENTERPRISE SDN BHD,Selangor,43200,0,0,1,0,0,0
New Bo Lin Biotech Sdn Bhd,Negeri Sembilan,70300,0,0,1,0,0,0
New Southern Healthcare Sdn. Bhd.,W.P. Kuala Lumpur,58000,0,0,0,1,0,0
NEXTAGE MEDIPHARMA SDN BHD,Selangor,43000,1,1,1,1,0,0
Noripharma Sdn. Bhd.,Selangor,41050,1,1,0,1,0,0
NORTHERN HEALTHCARE,Kedah,08000,1,1,0,1,0,0
Nova Nutritional Supplies Sdn Bhd,Selangor,46150,0,1,1,1,0,0
NOVUGEN ONCOLOGY SDN. BHD.,Negeri Sembilan,71760,1,0,0,0,0,0
NOVUGEN PHARMA SDN. BHD.,Negeri Sembilan,71760,1,0,0,0,0,0
NUCARE PHARMACY SDN. BHD.,Pulau Pinang,14110,1,1,1,1,0,0
Nutri Pharmax Sdn Bhd,Pulau Pinang,14200,1,1,0,1,1,1
Nutriva International Sdn. Bhd.,Selangor,47810,0,0,1,1,0,0
NUVANTA SDN. BHD.,Selangor,47500,0,1,1,1,0,0
O.T.C. JIN AUN TRADING SDN. BHD.,Pulau Pinang,13400,0,1,0,1,0,0
Octopus Distribution Sdn. Bhd.,Selangor,47100,1,0,0,0,0,0
OLIVE9 PHARMACY SDN BHD,Selangor,40150,1,1,1,1,0,0
OMX Nutrition Sdn. Bhd.,Selangor,47630,0,1,1,1,0,0
ONE LAZULI SDN BHD,Selangor,46150,1,0,0,0,1,0
ONLY PHARMACY SDN. BHD.,Sabah,90000,1,1,0,1,0,0
Oralix Sdn. Bhd.,Melaka,75150,1,0,0,0,0,0
ORIENT BIOTECH SDN. BHD.,Selangor,68100,0,0,1,1,0,0
ORIENT LABORATORIES SDN. BHD.,Selangor,68100,0,0,1,1,0,0
ORION PHARMA (MY) SDN. BHD.,W.P. Kuala Lumpur,59200,1,1,0,1,0,0
P.t. Widuri (m) Sdn Bhd,W.P. Kuala Lumpur,50300,0,1,1,1,0,0
PAHANG PHARMACY SDN. BHD.,Selangor,41050,1,1,1,1,1,1
PALOH MEDICAL CENTRE SDN. BHD,Perak,31400,1,0,0,0,0,0
Panfast Marketing (m) Sdn Bhd,Pulau Pinang,14100,1,0,0,0,1,0
PANTAI MEDICAL CENTRE SDN.BHD,W.P. Kuala Lumpur,50450,1,1,1,1,0,0
PARIT BUNTAR PHARMACY SDN. BHD,Perak,34200,1,1,1,1,1,1
Pau Yuan Sdn. Bhd.,Pulau Pinang,14100,0,1,0,1,0,0
PEACE & HEALTH PHARMACY SDN BHD,Sarawak,96000,1,1,1,1,1,1
PEARL PHARMACY SDN BHD,Sabah,91007,1,1,1,1,1,1
PEMBEKALAN UBAT HUATHAI SDN. BHD.,Johor,81200,0,0,1,0,0,0
PENAWAR INDUSTRIES SDN. BHD.,Kedah,05150,0,0,1,0,0,0
PENAWAR MEDICAL SUPPLY SDN BHD,Johor,81750,1,1,1,1,0,0
PENGEDARAN PAHANG TIMUR SDN BHD,Pahang,25300,0,1,0,1,0,0
PEOPLES PRIMARY PHARMACY SDN. BHD.,Pulau Pinang,11500,1,1,1,1,0,0
Perfect Pentagon Sdn Bhd,Selangor,46300,0,0,1,0,0,0
PERNIAGAAN HERBA SRI TANJUNG SDN. BHD.,Johor,82200,0,1,0,1,0,0
PERNIAGAAN JING HUA,Selangor,68000,0,1,1,1,0,0
PERNIAGAAN NG BOON HONG SDN. BHD.,Johor,81300,0,1,0,1,0,0
PERNIAGAAN ORANG KAMPUNG SDN. BHD.,Melaka,77300,0,1,1,1,0,0
Perniagaan Tan Lok Ping Sdn.Bhd.,Selangor,41400,0,1,0,1,0,0
PERNIAGAAN TEAN SENG,Kelantan,16100,0,1,0,1,0,0
Pertanian Farmix (m) Sdn Bhd,Negeri Sembilan,70200,1,0,0,0,1,0
PERUSAHAAN  TEN TEN,Sabah,90000,0,1,0,1,0,0
PET ARCADE SDN BHD,Selangor,47100,1,1,0,1,1,1
PETS CORNER SDN BHD,W.P. Kuala Lumpur,52100,1,0,0,0,1,0
PHAMASINDO SDN. BHD.,W.P. Kuala Lumpur,52100,0,0,1,0,0,0
PHARM-D HEALTH SCIENCE SDN. BHD.,W.P. Kuala Lumpur,58000,1,1,1,1,0,0
PHARM-D SDN. BHD.,W.P. Kuala Lumpur,58000,1,1,1,1,0,0
Pharma line marketing sdn bhd,Selangor,43300,1,1,1,1,0,0
PHARMA-CONSULT (KULIM) SDN BHD,Kedah,09000,1,1,1,1,0,0
PHARMADIRECT SDN. BHD.,Selangor,40150,0,0,1,1,0,0
PHARMAEXPRESS SDN BHD,Sabah,88450,1,1,1,1,0,0
PHARMAFORTE (MALAYSIA) SDN. BHD.,Selangor,47810,1,1,1,1,0,0
PHARMANIAGA LIFESCIENCE SDN. BHD.,Selangor,47100,1,0,0,0,0,0
PHARMANIAGA LOGISTICS SDN. BHD.,Pulau Pinang,14100,1,1,1,1,0,0
PHARMANIAGA MANUFACTURING BERHAD,Selangor,43650,1,1,0,1,0,0
Pharmaniaga Marketing Sdn Bhd,Selangor,40000,1,1,1,1,0,0
PHARMARISE SDN BHD,Selangor,47100,1,1,1,1,0,0
PHARMASERV ALLIANCES SDN. BHD.,Johor,81200,1,1,1,1,0,0
PHARMEX PHARMA (SARAWAK) SDN BHD,Sarawak,93250,1,1,1,1,1,1
PHARMEX SDN BHD,Sabah,88822,1,1,1,1,1,1
PharmServe Pharma Sdn Bhd,Sarawak,93350,1,1,0,1,0,0
Phibro Corporation (m) Sdn Bhd,Selangor,46100,1,0,0,0,1,0
Pills & Potions Pharmacy Sdn Bhd,W.P. Kuala Lumpur,51200,1,1,1,1,0,0
PINK & BLUE TRADING CO. SDN. BHD.,W.P. Kuala Lumpur,60000,0,0,1,0,0,0
PLANET HEALTH SDN BHD,W.P. Kuala Lumpur,58200,1,0,0,0,0,0
PMG PHARMACY (SL) SDN. BHD.,Selangor,46150,1,1,1,1,0,0
Poh Guan Hong (1985) Sdn. Bhd,Sarawak,96007,0,1,1,1,0,0
POHMAR SDN. BHD.,W.P. Kuala Lumpur,51100,0,1,1,1,0,0
POKAHRI SDN. BHD.,Johor,81100,0,0,1,0,0,0
POLIKLINIK KAWAN SDN. BHD.,Kedah,09600,0,1,1,1,0,0
POLY PHARMACY SDN BHD,Kedah,05000,1,0,0,0,0,0
POLYLAB BIOTECH SDN. BHD.,W.P. Kuala Lumpur,56100,1,1,1,1,0,0
PORRIMA (M) SDN BHD,Selangor,40150,1,1,1,1,1,1
Powerlife (M) Sdn. Bhd.,Negeri Sembilan,71050,0,1,1,1,0,0
PPHBM CORPORATION SDN BHD,Johor,83000,1,1,0,1,0,0
Premier Herbs Sdn Bhd,Melaka,75250,0,0,1,0,0,0
PRESTON PHARMACY SDN BHD,Sarawak,98000,1,0,0,0,0,0
Primabumi Sdn Bhd,W.P. Kuala Lumpur,50490,1,0,0,0,0,0
Priority Care Sdn Bhd,Sarawak,93450,1,0,0,0,0,0
Pro Health Medics Sdn. Bhd.,Selangor,47630,0,0,1,1,0,0
PRO NUTRITION (MALAYSIA) SDN. BHD.,W.P. Kuala Lumpur,57000,0,0,1,1,0,0
PROGENESIS GROUP SDN. BHD.,Selangor,47160,1,1,1,1,1,1
Prolifecare Sdn Bhd,Selangor,68100,1,1,0,1,0,0
Pronature Pharmacy (Kuching) Sdn Bhd,Sarawak,93350,1,1,1,1,0,0
PRONATURE PHARMACY SDN BHD,Selangor,47170,1,1,1,1,0,0
PROPHARM (M) SDN. BHD.,W.P. Kuala Lumpur,51200,1,1,1,1,0,0
PROSPECT PLUS TRADING SDN BHD,Johor,86000,0,1,0,1,0,0
Protech Health Sciences (M) Sdn Bhd,W.P. Kuala Lumpur,58200,0,0,1,1,0,0
PROTHERAPIX SDN. BHD.,W.P. Kuala Lumpur,58200,0,0,1,1,0,0
PUBLIC CHEMIST (SABAH) SDN BHD,Sabah,88846,1,0,0,0,0,0
PUI KIAN MING SDN BHD,Sarawak,93150,0,1,1,1,0,0
Pure Medisciences (M) Sdn Bhd,Selangor,47301,0,0,1,1,0,0
Pure Pharmacy Sdn Bhd,Pulau Pinang,10000,1,1,1,1,0,0
PUTRA SPECIALIST HOSPITAL (MELAKA) SDN BHD,Melaka,75100,1,1,0,1,0,0
QL Pacific Vet Group Sdn. Bhd.,Selangor,47600,1,0,0,0,1,0
QUALITAS PHARMA SDN. BHD.,Selangor,47500,1,1,0,1,0,0
QUALITY REPUTATION SDN BHD,Selangor,47301,1,1,0,1,0,0
QUANTUM UPSTREAM SDN. BHD.,W.P. Kuala Lumpur,56000,0,1,1,1,0,0
QUINPHARM (M) SDN BHD,Perak,31650,1,1,1,1,0,1
R.E.S. PHARMACY,Sarawak,97000,1,1,1,1,0,0
RADIANCE PERFECT NETWORK SDN. BHD.,Johor,81100,0,0,1,1,0,0
RANBAXY (MALAYSIA) SDN. BHD.,Kedah,08000,1,1,1,1,0,0
Rank Distributors Sdn. Bhd.,W.P. Kuala Lumpur,55100,0,0,1,1,0,0
RASUMI MEDIPHARMA SDN BHD,Negeri Sembilan,70300,1,1,1,1,0,0
RAWANG WHOLESALE PHARMA SDN. BHD.,Selangor,48000,1,1,1,1,1,1
RAZZAQ PHARMACY,Terengganu,23100,1,1,1,1,0,0
RB (HEALTH) MALAYSIA SDN BHD,W.P. Kuala Lumpur,50470,1,1,0,1,0,0
REANNA MAJU ENTERPRISE,Johor,81750,0,1,1,1,0,0
REDWOOD PHARMA SDN. BHD.,W.P. Kuala Lumpur,58200,1,1,1,1,0,0
Regency Specialist Hospital Sdn Bhd,Johor,81750,1,1,1,1,0,0
REGION PHARMACY SDN. BHD.,Sarawak,93050,1,1,1,1,0,0
REJANG SPECIALIST HOSPITAL SDN BHD,Sarawak,96000,1,1,0,1,0,0
REJOICE PHARMACY SDN BHD,Sarawak,98000,1,0,0,0,0,0
Revo Healthcare Sdn. Bhd.,Pulau Pinang,11500,1,0,0,0,0,0
RHECO PHARMACY SDN BHD,Pulau Pinang,11500,1,1,1,1,0,0
Rhone Ma Malaysia Sdn Bhd,Selangor,46100,1,1,1,1,1,1
Ritma Prestasi Sdn Bhd,Selangor,47120,1,1,0,1,1,1
ROYCE PHARMA MANUFACTURING SDN. BHD.,Negeri Sembilan,71800,1,1,1,1,0,0
RPS PHARMACY SDN. BHD.,Kedah,05050,1,1,1,1,1,1
Ruyi Holdings Sdn Bhd,W.P. Kuala Lumpur,58000,0,0,1,1,0,0
RUYI TRADING SDN BHD,W.P. Kuala Lumpur,58000,0,1,1,1,0,0
S&M Healthcare Supply Sdn Bhd,Selangor,46100,1,1,0,1,0,0
S. L. NG TRADING AGENCY SDN BHD,Selangor,40300,0,1,0,1,0,0
S.P. CHONG (M) SDN BHD,Terengganu,21300,0,1,0,1,0,0
Sabah Pharmacy,Sabah,90009,1,1,1,1,0,0
Safe & Save Nanobio Tech Sdn. Bhd.,Selangor,47100,1,1,0,1,0,0
SAHAJIDAH HAI-O MARKETING SDN BHD,Sabah,91000,0,1,1,1,0,0
SALAM HEALTHCARE MANAGEMENT SDN BHD,Selangor,40300,1,0,0,0,0,0
SANOFI-AVENTIS (MALAYSIA) SDN. BHD.,Selangor,46200,1,1,0,1,0,0
SARAWAK VETERINARY SUPPLIES,Sarawak,93250,1,1,0,1,1,1
SATVA SDN. BHD.,Sarawak,98000,0,1,1,1,0,0
SB NATURAL HERBS (M) SDN. BHD.,Kelantan,16100,0,0,1,0,0,0
SBL HEALTHCARE SDN BHD,Pulau Pinang,14000,0,0,1,1,0,0
SCHMIDT BIOMEDTECH SDN. BHD.,Selangor,46100,1,1,0,1,0,0
SD Cure Solutions Sdn. Bhd.,W.P. Kuala Lumpur,53300,1,1,1,1,1,1
SEANG WAN TRADING CO SDN BHD,Pulau Pinang,14100,0,0,1,0,0,0
SEJATI PHARMACY SDN. BHD.,Perak,32000,1,1,1,1,0,0
SENDAYU TINGGI ( BRANCH JOHOR ) SDN BHD,Johor,81200,0,0,1,1,0,0
SENDAYU TINGGI ( BRANCH P.PINANG ) SDN BHD,Pulau Pinang,13700,0,0,1,1,0,0
SENDAYU TINGGI ( BRANCH PAHANG ) SDN BHD,Pahang,25300,0,0,1,1,0,0
SENDAYU TINGGI ( BRANCH SELANGOR ) SDN BHD,Selangor,43650,0,0,1,1,0,0
SENDAYU TINGGI (BRANCH TERENGGANU ) SDN.BHD,Terengganu,20000,0,0,1,1,0,0
SENDAYU TINGGI BEAUTY & HEALTH (M) SDN. BHD.,Selangor,40160,0,0,1,1,0,0
Seong Hee Trading Sdn. Bhd,Selangor,43950,0,1,1,1,0,0
SEREMBAN PREMIER PHARMACY SDN. BHD.,Negeri Sembilan,70000,1,1,1,1,0,0
SERI PHARMA SDN. BHD.,Johor,83000,1,1,1,1,0,0
SERVICARE PHARMACY SDN. BHD.,W.P. Kuala Lumpur,55300,1,1,0,1,0,0
SERVIER MALAYSIA SDN. BHD.,Selangor,47400,1,1,0,1,0,0
SETIARAJA PHARMACY,Sarawak,96400,1,1,1,1,0,1
SEW CHEONG CORPORATION SDN BHD,Perak,30300,0,1,0,1,0,0
SH YAP TRADING SDN BHD,Perak,31350,0,1,1,1,0,0
SHAKLEE PRODUCTS (MALAYSIA) SDN. BHD.,Sabah,88300,0,0,1,1,0,0
SHAN YAO CORPORATION SDN. BHD.,W.P. Kuala Lumpur,55100,0,0,1,0,0,0
SHEN LOON SHE ENTERPRISE SDN. BHD.,Pulau Pinang,11600,0,0,1,1,0,0
Shennong Animal Health (Malaysia) Sdn. Bhd.,Selangor,47610,1,1,0,1,1,1
SHIN SENG,Sabah,88800,0,1,0,1,0,0
SHINE PHARMACY SDN BHD,Sarawak,93350,1,1,1,1,0,0
SHM MEDIPHARMA SDN. BHD.,Johor,81700,1,1,1,1,0,0
SHUANG HOR ENTERPRISE (M) SDN. BHD.,Sarawak,93450,0,0,1,0,0,0
SIANG PHARMACY SDN BHD,Pulau Pinang,14200,1,1,0,1,0,0
SIBU PHARMACY SDN BHD,Selangor,47810,1,1,1,1,0,0
SIEW FOOK,Perak,36000,0,0,1,0,0,0
SIHAT MEKAR SDN BHD,Sabah,88450,1,0,0,0,0,0
SIHAT SETIA,Sabah,88300,1,1,1,1,1,1
SINOFLEX LOGISTICS SDN. BHD.,Sabah,88450,0,1,0,1,0,0
SJ RIA MARKETING SDN BHD,Kelantan,15100,0,1,1,1,0,0
SK PHARMA ENTERPRISE,Johor,81750,1,1,0,1,0,0
Sky Nutraceuticals Sdn. Bhd.,Pulau Pinang,14100,0,0,0,1,0,0
SLIM PHARMACY SDN. BHD.,Perak,35800,1,0,0,0,0,0
SMART WELLMIN SDN BHD,Kedah,05150,0,1,1,1,0,0
Sne Marketing Sdn Bhd,W.P. Kuala Lumpur,56100,0,0,1,0,0,0
SOLIA PHARMACY SDN BHD,Sabah,90715,1,1,1,1,1,1
SOLID ENTERPRISE,Pahang,25200,0,1,0,1,0,0
SOMEDICO SDN. BHD.,Selangor,47000,1,1,1,1,0,1
SONSHINE PHARMACY,Sarawak,93250,1,1,0,1,1,1
SP MAXCARE SDN. BHD.,Kedah,08000,1,1,0,1,0,0
Special Enhancement Sdn Bhd,Selangor,47810,0,0,1,1,0,0
Spectrum Pharmacy,Negeri Sembilan,71000,1,1,1,1,0,0
SRI RAMBAI PHARMACY SDN BHD,Pulau Pinang,14000,1,1,1,1,0,0
SS PHARMA SDN. BHD.,W.P. Kuala Lumpur,52200,1,1,1,1,0,0
SSJ PHARMA SDN BHD,Sarawak,96100,1,1,1,1,0,0
STAR LIFE PHARMA SDN BHD,Melaka,75200,1,1,1,1,0,0
Star Medicinal Sdn.bhd.,Kedah,08000,0,0,1,0,0,0
StarChain Pharma,Perak,31150,1,1,1,1,0,0
STARR PHARMACY ( LANANG) SDN BHD,Sarawak,96000,1,1,1,1,0,0
STERILINE SDN. BHD.,Selangor,41050,0,1,1,1,0,0
STRAITS PHARMACY SDN. BHD.,Melaka,75050,1,1,1,1,0,0
SUAUT ENTERPRISE SDN BHD,Sarawak,93050,1,1,1,1,0,0
Subang Chemist Sdn. Bhd,Selangor,47200,1,1,1,1,0,0
SULONG BIN NGAH,Terengganu,20050,0,1,0,1,0,0
Sum Soon Agricultural Co. Sdn Bhd,Sabah,88822,1,1,1,1,1,1
SUMITOMO PHARMA MALAYSIA SDN. BHD.,W.P. Kuala Lumpur,50470,1,0,0,0,0,0
SUMMIT COMPANY (MALAYSIA) SENDIRIAN BERHAD,Pulau Pinang,13400,1,1,1,1,0,0
SUN TEN PHARMACEUTICAL MFG (M) SDN. BHD.,W.P. Kuala Lumpur,60000,0,0,1,1,0,0
Sung Hoe Trading (Miri) Sdn Bhd,Sarawak,98107,0,1,1,1,0,0
SUNLEY PHARMA SDN. BHD.,W.P. Kuala Lumpur,57000,1,1,1,1,0,0
SUNLIGHT PHARMACY (B) SDN BHD,Sabah,88450,0,1,1,1,0,0
SUNLIGHT PHARMACY (KK) SDN BHD,Sabah,88400,1,1,1,1,0,0
SUNLIGHT PHARMACY (SIBU) SDN. BHD.,Sarawak,96000,1,1,1,1,0,0
SUNLIGHT PHARMACY SDN BHD,Sabah,91000,1,1,1,1,0,0
SUNRISE PHARMA SDN BHD,Sabah,88400,1,1,1,1,0,0
SUNWAY MEDICAL CENTRE SDN BHD,Selangor,47500,1,1,1,1,0,0
SUNWELL HOLDINGS(M) SDN BHD,Negeri Sembilan,70450,0,1,1,1,0,0
Sunzen Corporation Sdn Bhd,Selangor,40460,1,0,0,0,1,0
SUPERBIG DISTRIBUTION CENTRE SDN BHD,Kelantan,16150,1,1,1,1,0,0
SUPERCARE  PHARMACY,Pulau Pinang,11200,1,1,0,1,0,0
SUPREME PHARMACY SDN BHD,Sabah,91018,1,1,1,1,0,0
SUTHAT ENTERPRISE SDN. BHD.,Kelantan,16100,0,1,1,1,0,1
SV PROHEALTH PHARMACY SDN BHD,Johor,86000,1,1,1,1,0,0
Syarikat Eastern,Sabah,88000,0,1,1,1,0,0
SYARIKAT JAYA USAHA,Sabah,88900,0,1,0,1,0,0
SYARIKAT LUI KIM CHOCK SDN BHD,Sabah,91016,0,1,1,1,0,0
SYARIKAT MEDITEK SUPPLIES,Sabah,88450,1,1,0,1,0,0
Syarikat Minyak Afiat Sdn Bhd,Perak,33000,0,0,1,0,0,0
SYARIKAT MYP SDN. BHD.,Johor,80350,0,1,0,1,0,0
SYARIKAT PERDAGANGAN TAI SANG (TAWAU) SDN BHD,Sabah,91007,0,1,0,1,0,0
SYARIKAT PERDAGANGAN YAW HON SDN BHD,Sabah,90705,0,1,1,1,0,0
SYARIKAT PERNIAGAAN JIN JIN,Pahang,25200,0,1,0,1,0,0
SYARIKAT PERNIAGAAN VISIN`S,W.P. Kuala Lumpur,56100,0,0,1,0,0,0
SYARIKAT TURBO ENTERPRISE,Sarawak,98000,0,1,1,1,0,0
SYARIKAT WELLCHEM SDN. BHD.,Selangor,46400,1,1,0,1,0,0
SYARIKAT WONG MAJU SDN BHD,Sabah,88200,0,1,1,1,0,0
SYN LEE FAH SUPERSTORE SDN BHD,Sabah,90307,0,1,1,1,0,1
Synergy Worldwide Marketing Sdn  Bhd,Selangor,47400,0,0,1,1,0,0
SYNERMAX ENTERPRISE,Perak,31400,0,1,1,1,0,0
T & T LABORATORY (SARAWAK) SDN . BHD.,Sarawak,93250,1,0,0,0,1,0
T&E COMPANY,Sabah,89207,0,0,1,0,0,0
TABANAK PHARMACY SDN. BHD.,Sabah,91100,1,0,0,1,0,0
TAI FOO MEDICAL SDN. BHD.,Pulau Pinang,14000,0,0,1,0,0,0
TAN BROTHERS TRADING COMPANY,Johor,81100,0,1,0,1,0,0
TASLY (MALAYSIA) SDN. BHD.,W.P. Kuala Lumpur,55200,0,0,1,0,0,0
TEEPHAM MEDICAL SDN. BHD.,Pulau Pinang,13400,1,0,0,0,0,0
TENN-Q DISTRIBUTORS (M) SDN BHD,Johor,81200,0,1,0,1,0,0
TEONG HUAT MEDICAL SDN. BHD.,Pulau Pinang,14100,0,1,1,1,0,0
TERAJU FARMA SDN BHD,Selangor,40400,1,1,0,1,1,0
TERAJU PHARMA SDN BHD,Selangor,41050,1,0,0,0,0,0
TERAPUTICS SDN BHD,Pulau Pinang,14100,1,1,1,1,0,0
TGSC SDN. BHD.,Selangor,47400,0,0,1,1,0,0
THE AN TRADING,Johor,83020,0,0,1,0,0,0
THE SIBU CHEMIST SDN. BHD.,Sarawak,96000,1,1,0,1,0,0
THE ZYFAS PHARMA SDN. BHD.,Johor,79200,1,1,1,1,0,0
THEN HUA TRADING COMPANY,Sabah,88300,0,1,1,1,0,0
THIRTY NINE MALL SDN BHD,Sabah,88460,0,0,1,0,0,0
THONG YAK SDN.BHD.,Sarawak,93350,0,0,1,0,0,0
TIEN SWEE TRADING SDN BHD,W.P. Kuala Lumpur,52100,0,1,0,1,0,0
TIENS HEALTH DEVELOPMENT (MALAYSIA) SDN. BHD.,W.P. Kuala Lumpur,59100,0,1,1,1,0,0
TIMBERLAND MEDICAL CENTRE,Sarawak,93250,1,1,1,1,0,0
TJM MARKETING SDN BHD,Kelantan,16100,0,1,1,1,0,0
TLK ADVANCE MARKETING (M) SDN BHD,Kedah,09000,0,0,1,0,0,0
TM PHARMA,Melaka,75260,1,1,1,1,0,0
TOHTONKU SDN. BHD.,Pulau Pinang,10350,0,1,0,1,0,0
TOKO GEMILANG (T) SDN BHD,Sabah,91000,0,1,1,1,0,0
TONGEE (K.L.) SDN. BHD.,W.P. Kuala Lumpur,51200,0,1,1,1,0,0
TOPMED TRADING SDN BHD,W.P. Kuala Lumpur,56100,0,1,0,1,0,0
TOTAL HEALTH CONCEPT SDN. BHD.,Selangor,46200,0,0,1,1,0,0
TOTAL IMAGE REGIONAL (M) SDN. BHD.,W.P. Kuala Lumpur,58000,0,1,1,1,0,0
TP LIFE SDN. BHD.,Sabah,89008,1,1,1,1,0,0
TRANSLAB (M) SDN BHD,Selangor,46150,1,0,0,0,0,0
Tree Med Sdn Bhd,Selangor,40150,1,0,0,0,0,0
TRU-ONE KONSEP SDN BHD,Sabah,88200,1,1,0,1,0,0
TRUE LABEL PHARMACY SDN.BHD.,Sarawak,98000,1,0,0,0,0,0
TT BERSATU SDN BHD,Sabah,88450,1,0,0,0,0,0
TT MEDIC,Sabah,88300,1,1,1,1,0,0
TUNG BOO TRADING SDN BHD,Sarawak,98000,0,0,1,1,0,0
TUNG ON HONG,Sabah,88300,0,0,1,0,0,0
TY NATURE HERB PRODUCTS SDN BHD,Johor,81300,0,0,1,0,0,0
TYDEAL GLOBAL SDN BHD,Selangor,62502,1,1,1,1,0,0
TZE SENG TRADING,Sarawak,93450,0,1,1,1,0,0
U-Kang Pharmacy Sdn Bhd,Selangor,47100,1,1,1,1,1,0
U-PIN MEDIC TRADING SDN. BHD.,Perak,31400,0,0,1,0,0,0
UBISSON SDN BHD,Sarawak,96000,1,1,1,1,0,0
UKM KESIHATAN SDN BHD,Selangor,43900,1,1,1,1,0,0
ULRIC TRADING SDN BHD,Johor,83000,0,0,0,1,0,0
UMH PHARMACY (KUCHING) SDN BHD,Sarawak,93100,1,1,0,1,0,0
UMH PHARMACY SENDIRIAN BERHAD,Sabah,88000,1,1,0,1,0,0
UNI DRUG HOUSE SDN. BHD.,Selangor,68100,1,1,0,1,0,0
Uni-hana Sdn. Bhd.,Selangor,40300,1,0,0,0,1,0
UNIMED SDN. BHD.,W.P. Kuala Lumpur,52200,1,1,1,1,0,0
UNIQUE IMAGE SDN. BHD.,Johor,85000,0,1,1,1,0,0
UNIVISION MARTS SDN BHD,Sabah,90737,0,1,1,1,0,0
V & C HEALTHY DISPENSARY SDN BHD,Sabah,90000,1,1,1,1,1,1
V Success Global Sdn Bhd,Johor,81100,0,1,1,1,0,0
VA Solutions Sdn. Bhd.,Pulau Pinang,11900,1,0,0,0,0,0
Vanguard Aesthetics Sdn. Bhd.,Selangor,46200,1,0,0,0,0,0
Vantive Sdn. Bhd.,Selangor,47301,1,1,0,1,0,0
VCARE PHARMACY,Pulau Pinang,13400,1,0,0,0,0,0
VCARE PHARMACY SDN. BHD.,Selangor,40170,1,1,0,1,0,0
VECARE PHARMACY (SEBERANG JAYA) SDN. BHD.,Pulau Pinang,13700,1,0,0,1,0,0
Vemedim Sdn Bhd,Selangor,47600,1,0,0,0,1,0
Vet Visions (m) Sdn.bhd,Perak,31400,1,1,0,1,1,1
VICTORIA PHARMACY PLT,W.P. Labuan,87000,1,1,1,1,0,0
VIMAKS SDN. BHD.,Perak,30100,1,1,1,1,0,0
VINLANE TRADING SDN BHD,Perak,31400,0,1,1,1,0,0
VISION BIOTECH SDN BHD,Negeri Sembilan,71960,1,0,0,0,0,0
VISION PHARMACY SDN.BHD.,Sarawak,98000,1,1,0,1,0,0
Vismedic Sdn. Bhd.,Selangor,47120,0,1,0,1,0,0
VITAHEALTH MALAYSIA SDN. BHD.,Selangor,40150,0,0,1,1,0,0
VIVA CARE PHARMACY (CHENG) SDN. BHD.,Melaka,76450,1,1,1,1,0,0
VIVA CARE PHARMACY SDN. BHD.,Melaka,75000,1,1,1,1,0,0
VONIC MEDITECH SDN. BHD.,Sarawak,93050,1,1,1,1,0,0
WAH CHOI PHARMACY SDN. BHD.,Sabah,91000,1,0,0,0,0,0
WAH CHOI SDN BHD,Sabah,91000,0,1,1,1,0,0
Wai Sang Tong Medical Hall Sdn Bhd,Perak,30000,0,1,1,1,0,0
WAN LING TRADING CO,Sarawak,93350,0,1,0,1,0,0
WANDSONS ENTERPRISE SDN. BHD.,Sarawak,93450,0,0,1,0,0,0
WATSON`S PERSONAL CARE STORES SDN. BHD.,W.P. Kuala Lumpur,55188,1,0,0,0,0,0
Well Chemist & HealthCare,Pulau Pinang,12300,1,1,0,1,0,0
Wellesta Healthcare Sdn. Bhd.,Selangor,47820,1,1,1,1,1,1
WELLESTA TRUELIFE SDN. BHD.,Selangor,47820,0,1,1,1,0,0
WELLFAST PHARMACY SDN BHD,Selangor,40460,1,1,1,1,1,1
WELLFORM SJ (M) SDN BHD,Selangor,47610,0,1,0,1,0,0
Wellness Concept (m) Sdn Bhd,Selangor,47400,0,0,1,0,0,0
WELLNESS REPUBLIC (M) SDN. BHD.,Selangor,40460,0,0,1,1,0,0
Wen Ken Marketing (M) Sdn Bhd,Johor,81200,0,1,1,1,0,0
WENG SENG HENG MEDICAL HALL SDN. BHD.,Pulau Pinang,10300,0,1,1,1,0,0
WENG THYE HENG SDN. BHD.,Pulau Pinang,10200,0,1,1,1,0,0
Wija Pharma Sdn Bhd,Sarawak,93050,1,1,0,1,0,0
Wija Pharmacy (Sarawak) Sdn. Bhd.,Sarawak,93050,1,0,0,0,0,0
WINWA MEDICAL SDN. BHD.,Pulau Pinang,14000,1,1,1,1,0,1
WIRO MARKETING SDN BHD,Selangor,40400,0,1,1,1,0,0
WOOI PHENG ENTERPRISE,Terengganu,21000,0,1,0,1,0,0
World Medicare Supplies Sdn Bhd,Selangor,43200,1,0,1,1,0,0
WORLD PHARMACY,Sabah,90710,1,0,0,0,0,0
WYKON MEDICAL SDN. BHD.,Perak,31100,1,1,1,1,0,0
WYMED PHARMA SDN BHD,Sarawak,94300,1,1,1,1,0,0
Y.K.FARMASI SDN BHD,Sabah,88450,1,1,1,1,1,1
Y.S.P. INDUSTRIES (M) SDN. BHD.,Sarawak,93150,1,1,1,1,1,1
YAN SEW TRADING AND MEDICAL HALL SDN.BHD.,Negeri Sembilan,73400,0,0,0,1,0,0
Yang Medical Sdn. Bhd.,Pulau Pinang,14000,1,1,1,1,0,0
YAP HEALTHCARE GROUP (M) SDN. BHD.,Johor,81000,1,1,1,1,0,0
YAT MING MEDICINE SDN. BHD.,Johor,81200,0,0,1,0,0,0
Yau Enterprise Sdn Bhd,Selangor,46150,1,1,0,1,1,1
Yeam Heng Trading Co.,Pulau Pinang,14000,1,0,0,0,1,0
Yee Yen Tong Sdn. Bhd.,Melaka,75250,0,1,0,1,0,0
YEOP PHARMA,Perak,30020,1,1,1,1,1,1
YES HEALTH SDN BHD,Selangor,40150,0,1,1,1,0,0
YEUNG LOK ENTERPRISE SDN BHD,Sarawak,94200,1,0,0,0,0,0
YEW SAN YIH ENTERPRISE,Kelantan,17500,0,1,0,1,0,0
YEW TAT TRADING COMPANY,Sarawak,96000,0,1,1,1,0,1
YEWLIAN HERBS & HEALTH CARE TRADING SDN BHD,Johor,81200,0,0,1,0,0,0
YHC BERKAT FARMASI,Pahang,28000,1,1,1,1,1,1
YHO MARKETING SDN BHD,Pulau Pinang,13600,0,0,1,1,0,0
YI YUAN  MEDICAL SUPPLY,Perak,31650,0,1,1,1,0,0
YILIN (M) SDN. BHD.,W.P. Kuala Lumpur,55100,0,0,1,0,0,0
YIN HUAT MEDICAL COMPANY SDN. BHD.,Perak,31500,0,0,1,0,0,0
Yin Woh Tong Medical Supplies Sdn Bhd,Perak,30000,1,1,0,1,0,0
YM CARE SUPPLIES (M) SDN. BHD.,Perak,30010,0,0,1,1,0,0
Yong Hua Heng Sdn Bhd,Sarawak,93150,0,1,1,1,0,0
YONG HUAT TRADING,Kelantan,15350,0,1,0,1,0,0
YONGHUAT MARKETING SDN. BHD.,Melaka,75250,0,1,1,1,0,0
YOON LOONG TRADING CO,Perak,31450,0,0,1,0,0,0
Yoon Ning Trading Sdn Bhd,Perak,31400,0,1,1,1,0,0
YOON SIN MEDICINE SDN BHD,Melaka,75260,0,1,1,1,0,0
YOON THYE SDN. BHD.,Melaka,75200,0,1,1,1,0,0
YOU HOW (E.M.) SDN. BHD.,Sarawak,93350,0,0,1,0,0,0
Yow Sang Medicine Co. Sdn. Bhd.,Johor,80050,0,1,1,1,0,0
YPL HEALTHCARE PRODUCT SDN BHD,Negeri Sembilan,70450,0,0,1,0,0,0
YS MARKETING & SERVICES SDN BHD,Perak,34000,0,0,1,1,0,0
Yuehua (e.m.) Sdn.bhd.,Sarawak,93300,0,0,1,0,0,0
ZBT FAR EAST SDN. BHD.,W.P. Kuala Lumpur,56100,0,1,1,1,0,0
ZEBS HEALTH INNOVATIONS PLT,Selangor,47810,0,1,1,1,0,0
Zed Pharma Sdn. Bhd.,Terengganu,24000,1,1,1,1,0,0
Zenotec Pharma Sdn.bhd.,Selangor,40460,0,1,1,1,0,0
ZHONG YEN TRADING SDN BHD,Pulau Pinang,10200,0,0,1,0,0,0
ZONTRON PHARMACEUTICALS SDN. BHD.,Pulau Pinang,14100,1,1,1,1,0,0
ZUELLIG PHARMA SDN. BHD.,Sarawak,93450,1,1,1,1,1,1
ZUFFA SP PHARMACARE,Kedah,08000,1,0,0,0,0,0
ZULAT PHARMACY SDN. BHD.,W.P. Kuala Lumpur,53100,1,0,0,0,0,0
